<?xml version="1.0" encoding="UTF-8"?>
<!DOCTYPE plist PUBLIC "-//Apple//DTD PLIST 1.0//EN" "http://www.apple.com/DTDs/PropertyList-1.0.dtd">
<plist version="1.0">
<array>
	<dict>
		<key>name</key>
		<string>DO_NOT_LOCALIZE: Dashboard and Dock</string>
		<key>ax_description</key>
		<string>DO_NOT_LOCALIZE: Dashboard and Dock shortcuts (AX_DESCRIPTION)</string>
		<key>identifier</key>
		<string>dock</string>
		<key>iconname</key>
		<string>category_dock</string>
		<key>icon-bundle-path</key>
		<string>/System/Library/CoreServices/Dock.app</string>
		<key>canRestoreDefaults</key>
		<true/>
		<key>elements</key>
		<array>
			<dict>
				<key>name</key>
				<string>DO_NOT_LOCALIZE: Turn Dock Hiding On/Off</string>
				<key>key</key>
				<integer>2</integer>
				<key>modifier</key>
				<integer>1572864</integer>
				<key>sybmolichotkey</key>
				<integer>52</integer>
				<key>charKey</key>
				<integer>100</integer>
			</dict>
			<dict>
				<key>name</key>
				<string>DO_NOT_LOCALIZE: Show Launchpad</string>
				<key>key</key>
				<integer>65535</integer>
				<key>modifier</key>
				<integer>0</integer>
				<key>sybmolichotkey</key>
				<integer>160</integer>
			</dict>
		</array>
	</dict>
	<dict>
		<key>name</key>
		<string>DO_NOT_LOCALIZE: Display</string>
		<key>ax_description</key>
		<string>DO_NOT_LOCALIZE: Display shortcuts (AX_DESCRIPTION)</string>
		<key>identifier</key>
		<string>display</string>
		<key>iconname</key>
		<string>category_display</string>
		<key>icon-bundle-path</key>
		<string>/System/Library/PreferencePanes/Displays.prefPane</string>
		<key>canRestoreDefaults</key>
		<true/>
		<key>elements</key>
		<array>
			<dict>
				<key>name</key>
				<string>DO_NOT_LOCALIZE: Decrease display brightness</string>
				<key>key</key>
				<integer>107</integer>
				<key>modifier</key>
				<integer>0</integer>
				<key>sybmolichotkey</key>
				<integer>53</integer>
				<key>prefs_sybmolichotkey</key>
				<integer>55</integer>
			</dict>
			<dict>
				<key>name</key>
				<string>DO_NOT_LOCALIZE: Increase display brightness</string>
				<key>key</key>
				<integer>113</integer>
				<key>modifier</key>
				<integer>0</integer>
				<key>sybmolichotkey</key>
				<integer>54</integer>
				<key>prefs_sybmolichotkey</key>
				<integer>56</integer>
			</dict>
		</array>
	</dict>
	<dict>
		<key>name</key>
		<string>DO_NOT_LOCALIZE: Expose and Spaces</string>
		<key>ax_description</key>
		<string>DO_NOT_LOCALIZE: Expose and Spaces shortcuts (AX_DESCRIPTION)</string>
		<key>identifier</key>
		<string>expose</string>
		<key>iconname</key>
		<string>category_expose</string>
		<key>icon-bundle-path</key>
		<string>/System/Library/PreferencePanes/Expose.prefPane</string>
		<key>canRestoreDefaults</key>
		<true/>
		<key>elements</key>
		<array>
			<dict>
				<key>name</key>
				<string>DO_NOT_LOCALIZE: All windows</string>
				<key>key</key>
				<integer>126</integer>
				<key>modifier</key>
				<integer>262144</integer>
				<key>sybmolichotkey</key>
				<integer>32</integer>
				<key>slow_sybmolichotkey</key>
				<integer>34</integer>
			</dict>
			<dict>
				<key>name</key>
				<string>DO_NOT_LOCALIZE: Show Notification Center</string>
				<key>key</key>
				<integer>65535</integer>
				<key>modifier</key>
				<integer>0</integer>
				<key>sybmolichotkey</key>
				<integer>163</integer>
			</dict>
			<dict>
				<key>name</key>
				<string>DO_NOT_LOCALIZE: Do Not Disturb</string>
				<key>key</key>
				<integer>65535</integer>
				<key>modifier</key>
				<integer>0</integer>
				<key>sybmolichotkey</key>
				<integer>175</integer>
			</dict>
			<dict>
				<key>name</key>
				<string>DO_NOT_LOCALIZE: Application windows</string>
				<key>key</key>
				<integer>125</integer>
				<key>modifier</key>
				<integer>262144</integer>
				<key>sybmolichotkey</key>
				<integer>33</integer>
				<key>slow_sybmolichotkey</key>
				<integer>35</integer>
			</dict>
			<dict>
				<key>name</key>
				<string>DO_NOT_LOCALIZE: Desktop</string>
				<key>key</key>
				<integer>103</integer>
				<key>modifier</key>
				<integer>0</integer>
				<key>sybmolichotkey</key>
				<integer>36</integer>
				<key>slow_sybmolichotkey</key>
				<integer>37</integer>
			</dict>
			<dict>
				<key>name</key>
				<string>DO_NOT_LOCALIZE: Dashboard</string>
				<key>key</key>
				<integer>111</integer>
				<key>modifier</key>
				<integer>0</integer>
				<key>sybmolichotkey</key>
				<integer>62</integer>
				<key>slow_sybmolichotkey</key>
				<integer>63</integer>
			</dict>
			<dict>
				<key>name</key>
				<string>DO_NOT_LOCALIZE: Spaces</string>
				<key>identifier</key>
				<string>workspaces</string>
				<key>elements</key>
				<array>
					<dict>
						<key>name</key>
						<string>DO_NOT_LOCALIZE: Move to previous space</string>
						<key>key</key>
						<integer>123</integer>
						<key>modifier</key>
						<integer>262144</integer>
						<key>sybmolichotkey</key>
						<integer>79</integer>
						<key>slow_sybmolichotkey</key>
						<integer>80</integer>
					</dict>
					<dict>
						<key>name</key>
						<string>DO_NOT_LOCALIZE: Move to next space</string>
						<key>key</key>
						<integer>124</integer>
						<key>modifier</key>
						<integer>262144</integer>
						<key>sybmolichotkey</key>
						<integer>81</integer>
						<key>slow_sybmolichotkey</key>
						<integer>82</integer>
					</dict>
				</array>
			</dict>
		</array>
	</dict>
	<dict>
		<key>name</key>
		<string>DO_NOT_LOCALIZE: Keyboard Input</string>
		<key>ax_description</key>
		<string>DO_NOT_LOCALIZE: Keyboard Input shortcuts (AX_DESCRIPTION)</string>
		<key>identifier</key>
		<string>keyboardnavigation</string>
		<key>iconname</key>
		<string>category_keyboard</string>
		<key>icon-bundle-path</key>
		<string>/System/Library/PreferencePanes/Keyboard.prefPane</string>
		<key>canRestoreDefaults</key>
		<true/>
		<key>elements</key>
		<array>
			<dict>
				<key>name</key>
				<string>DO_NOT_LOCALIZE: Change the way Tab moves focus</string>
				<key>key</key>
				<integer>98</integer>
				<key>modifier</key>
				<integer>262144</integer>
				<key>sybmolichotkey</key>
				<integer>13</integer>
			</dict>
			<dict>
				<key>name</key>
				<string>DO_NOT_LOCALIZE: Turn keyboard access on or off</string>
				<key>key</key>
				<integer>122</integer>
				<key>modifier</key>
				<integer>262144</integer>
				<key>sybmolichotkey</key>
				<integer>12</integer>
			</dict>
			<dict>
				<key>name</key>
				<string>DO_NOT_LOCALIZE: Move focus to the menu bar</string>
				<key>key</key>
				<integer>120</integer>
				<key>modifier</key>
				<integer>262144</integer>
				<key>sybmolichotkey</key>
				<integer>7</integer>
			</dict>
			<dict>
				<key>name</key>
				<string>DO_NOT_LOCALIZE: Move focus to the Dock</string>
				<key>key</key>
				<integer>99</integer>
				<key>modifier</key>
				<integer>262144</integer>
				<key>sybmolichotkey</key>
				<integer>8</integer>
			</dict>
			<dict>
				<key>name</key>
				<string>DO_NOT_LOCALIZE: Move focus to active or next window</string>
				<key>key</key>
				<integer>118</integer>
				<key>modifier</key>
				<integer>262144</integer>
				<key>sybmolichotkey</key>
				<integer>9</integer>
			</dict>
			<dict>
				<key>name</key>
				<string>DO_NOT_LOCALIZE: Move focus to the window toolbar</string>
				<key>key</key>
				<integer>96</integer>
				<key>modifier</key>
				<integer>262144</integer>
				<key>sybmolichotkey</key>
				<integer>10</integer>
			</dict>
			<dict>
				<key>name</key>
				<string>DO_NOT_LOCALIZE: Move focus to the floating window</string>
				<key>key</key>
				<integer>97</integer>
				<key>modifier</key>
				<integer>262144</integer>
				<key>sybmolichotkey</key>
				<integer>11</integer>
			</dict>
			<dict>
				<key>name</key>
				<string>DO_NOT_LOCALIZE: Move focus to next window</string>
				<key>key</key>
				<integer>50</integer>
				<key>modifier</key>
				<integer>1048576</integer>
				<key>sybmolichotkey</key>
				<integer>27</integer>
				<key>charKey</key>
				<integer>96</integer>
			</dict>
			<dict>
				<key>name</key>
				<string>DO_NOT_LOCALIZE: Move focus to the window drawer</string>
				<key>key</key>
				<integer>50</integer>
				<key>modifier</key>
				<integer>1572864</integer>
				<key>sybmolichotkey</key>
				<integer>51</integer>
				<key>charKey</key>
				<integer>96</integer>
			</dict>
			<dict>
				<key>name</key>
				<string>DO_NOT_LOCALIZE: Move focus to status menus</string>
				<key>key</key>
				<integer>100</integer>
				<key>modifier</key>
				<integer>262144</integer>
				<key>sybmolichotkey</key>
				<integer>57</integer>
			</dict>
			<dict>
				<key>name</key>
				<string>DO_NOT_LOCALIZE: Show/Hide Trackpad Handwriting</string>
				<key>key</key>
				<integer>49</integer>
				<key>modifier</key>
				<integer>393216</integer>
				<key>sybmolichotkey</key>
				<integer>156</integer>
				<key>identifier</key>
				<string>TrackpadHandwriting</string>
				<key>showEnable</key>
				<false/>
			</dict>
		</array>
	</dict>
	<dict>
		<key>name</key>
		<string>DO_NOT_LOCALIZE: Input Sources</string>
		<key>ax_description</key>
		<string>DO_NOT_LOCALIZE: Input Sources shortcuts (AX_DESCRIPTION)</string>
		<key>identifier</key>
		<string>input_sources</string>
		<key>iconname</key>
		<string>category_keyboard</string>
		<key>icon-bundle-path</key>
		<string>/System/Library/PreferencePanes/Keyboard.prefPane</string>
		<key>canRestoreDefaults</key>
		<true/>
		<key>elements</key>
		<array>
			<dict>
				<key>name</key>
				<string>DO_NOT_LOCALIZE: Select the previous input source</string>
				<key>key</key>
				<integer>49</integer>
				<key>modifier</key>
				<integer>262144</integer>
				<key>sybmolichotkey</key>
				<integer>60</integer>
				<key>charKey</key>
				<integer>32</integer>
				<key>identifier</key>
				<string>SelectPreviousInputSource</string>
			</dict>
			<dict>
				<key>name</key>
				<string>DO_NOT_LOCALIZE: Select next source in Input menu</string>
				<key>key</key>
				<integer>49</integer>
				<key>modifier</key>
				<integer>786432</integer>
				<key>sybmolichotkey</key>
				<integer>61</integer>
				<key>charKey</key>
				<integer>32</integer>
				<key>identifier</key>
				<string>SelectNextInputSource</string>
			</dict>
		</array>
	</dict>
	<dict>
		<key>name</key>
		<string>DO_NOT_LOCALIZE: Screenshots</string>
		<key>ax_description</key>
		<string>DO_NOT_LOCALIZE: Screenshots shortcuts (AX_DESCRIPTION)</string>
		<key>identifier</key>
		<string>screenshots</string>
		<key>iconname</key>
		<string>category_screenshots</string>
		<key>canRestoreDefaults</key>
		<true/>
		<key>elements</key>
		<array>
			<dict>
				<key>name</key>
				<string>DO_NOT_LOCALIZE: Save picture of screen as a file</string>
				<key>key</key>
				<integer>20</integer>
				<key>modifier</key>
				<integer>1179648</integer>
				<key>sybmolichotkey</key>
				<integer>28</integer>
				<key>charKey</key>
				<integer>51</integer>
			</dict>
			<dict>
				<key>name</key>
				<string>DO_NOT_LOCALIZE: Copy picture of screen to the clipboard</string>
				<key>key</key>
				<integer>20</integer>
				<key>modifier</key>
				<integer>1441792</integer>
				<key>sybmolichotkey</key>
				<integer>29</integer>
				<key>charKey</key>
				<integer>51</integer>
			</dict>
			<dict>
				<key>name</key>
				<string>DO_NOT_LOCALIZE: Save picture of selected area as a file</string>
				<key>key</key>
				<integer>21</integer>
				<key>modifier</key>
				<integer>1179648</integer>
				<key>sybmolichotkey</key>
				<integer>30</integer>
				<key>charKey</key>
				<integer>52</integer>
			</dict>
			<dict>
				<key>name</key>
				<string>DO_NOT_LOCALIZE: Copy picture of selected area to the clipboard</string>
				<key>key</key>
				<integer>21</integer>
				<key>modifier</key>
				<integer>1441792</integer>
				<key>sybmolichotkey</key>
				<integer>31</integer>
				<key>charKey</key>
				<integer>52</integer>
			</dict>
			<dict>
				<key>name</key>
				<string>DO_NOT_LOCALIZE: Screenshot and recording options</string>
				<key>key</key>
				<integer>23</integer>
				<key>modifier</key>
				<integer>1179648</integer>
				<key>sybmolichotkey</key>
				<integer>184</integer>
				<key>charKey</key>
				<integer>53</integer>
			</dict>
			<dict>
				<key>name</key>
				<string>DO_NOT_LOCALIZE: Save picture of the Touch Bar as a file</string>
                <key>identifier</key>
                <string>touchbar.save-capture-as-file</string>
				<key>key</key>
				<integer>22</integer>
				<key>modifier</key>
				<integer>1179648</integer>
				<key>sybmolichotkey</key>
				<integer>181</integer>
				<key>charKey</key>
				<integer>54</integer>
			</dict>
			<dict>
				<key>name</key>
				<string>DO_NOT_LOCALIZE: Copy picture of the Touch Bar to the clipboard</string>
                <key>identifier</key>
                <string>touchbar.save-capture-to-clipboard</string>
				<key>key</key>
				<integer>22</integer>
				<key>modifier</key>
				<integer>1441792</integer>
				<key>sybmolichotkey</key>
				<integer>182</integer>
				<key>charKey</key>
				<integer>54</integer>
			</dict>
		</array>
	</dict>
	<dict>
		<key>name</key>
		<string>DO_NOT_LOCALIZE: Services</string>
		<key>ax_description</key>
		<string>DO_NOT_LOCALIZE: Services shortcuts (AX_DESCRIPTION)</string>
		<key>identifier</key>
		<string>services</string>
		<key>iconname</key>
		<string>category_services</string>
		<key>canRestoreDefaults</key>
		<true/>
		<key>elements</key>
		<array>
		</array>
	</dict>
	<dict>
		<key>name</key>
		<string>DO_NOT_LOCALIZE: Spotlight</string>
		<key>ax_description</key>
		<string>DO_NOT_LOCALIZE: Spotlight shortcuts (AX_DESCRIPTION)</string>
		<key>identifier</key>
		<string>spotlight</string>
		<key>iconname</key>
		<string>category_spotlight</string>
		<key>icon-bundle-path</key>
		<string>/System/Library/PreferencePanes/Spotlight.prefPane</string>
		<key>canRestoreDefaults</key>
		<true/>
		<key>elements</key>
		<array>
			<dict>
				<key>name</key>
				<string>DO_NOT_LOCALIZE: Show Spotlight search</string>
				<key>key</key>
				<integer>49</integer>
				<key>modifier</key>
				<integer>1048576</integer>
				<key>sybmolichotkey</key>
				<integer>64</integer>
				<key>charKey</key>
				<integer>32</integer>
			</dict>
			<dict>
				<key>name</key>
				<string>DO_NOT_LOCALIZE: Show Finder search window</string>
				<key>key</key>
				<integer>49</integer>
				<key>modifier</key>
				<integer>1572864</integer>
				<key>sybmolichotkey</key>
				<integer>65</integer>
				<key>charKey</key>
				<integer>32</integer>
			</dict>
		</array>
	</dict>
	<dict>
		<key>name</key>
		<string>DO_NOT_LOCALIZE: Universal Access</string>
		<key>ax_description</key>
		<string>DO_NOT_LOCALIZE: Universal Access shortcuts (AX_DESCRIPTION)</string>
		<key>identifier</key>
		<string>universalaccess</string>
		<key>iconname</key>
		<string>category_ua</string>
		<key>icon-bundle-path</key>
		<string>/System/Library/PreferencePanes/UniversalAccessPref.prefPane</string>
		<key>canRestoreDefaults</key>
		<true/>
		<key>elements</key>
		<array>
			<dict>
				<key>name</key>
				<string>DO_NOT_LOCALIZE: Zoom</string>
				<key>enablesForElements</key>
				<true/>
				<key>identifier</key>
				<string>universalaccess.zoom</string>
				<key>enabled</key>
				<false/>
				<key>elements</key>
				<array>
					<dict>
						<key>name</key>
						<string>DO_NOT_LOCALIZE: Turn zoom on or off</string>
						<key>key</key>
						<integer>28</integer>
						<key>modifier</key>
						<integer>1572864</integer>
						<key>sybmolichotkey</key>
						<integer>15</integer>
						<key>charKey</key>
						<integer>33</integer>
						<key>enabled</key>
						<false/>
					</dict>
					<dict>
						<key>name</key>
						<string>DO_NOT_LOCALIZE: Turn image smoothing on or off</string>
						<key>modifier</key>
						<integer>1572864</integer>
						<key>sybmolichotkey</key>
						<integer>23</integer>
						<key>charKey</key>
						<integer>41</integer>
						<key>enabled</key>
						<false/>
					</dict>
					<dict>
						<key>name</key>
						<string>DO_NOT_LOCALIZE: Zoom out</string>
						<key>key</key>
						<integer>27</integer>
						<key>modifier</key>
						<integer>1572864</integer>
						<key>sybmolichotkey</key>
						<integer>19</integer>
						<key>charKey</key>
						<integer>45</integer>
						<key>enabled</key>
						<false/>
					</dict>
					<dict>
						<key>name</key>
						<string>DO_NOT_LOCALIZE: Zoom in</string>
						<key>key</key>
						<integer>24</integer>
						<key>modifier</key>
						<integer>1572864</integer>
						<key>sybmolichotkey</key>
						<integer>17</integer>
						<key>charKey</key>
						<integer>61</integer>
						<key>enabled</key>
						<false/>
					</dict>
					<dict>
						<key>name</key>
						<string>DO_NOT_LOCALIZE: Turn focus following on or off</string>
						<key>key</key>
						<integer>65535</integer>
						<key>modifier</key>
						<integer>0</integer>
						<key>sybmolichotkey</key>
						<integer>179</integer>
						<key>enabled</key>
						<false/>
						<key>wants-add-button</key>
						<true/>
					</dict>
				</array>
			</dict>
			<dict>
				<key>name</key>
				<string>DO_NOT_LOCALIZE: Contrast</string>
				<key>enablesForElements</key>
				<true/>
				<key>identifier</key>
				<string>universalaccess.contrast</string>
				<key>enabled</key>
				<false/>
				<key>elements</key>
				<array>
					<dict>
						<key>name</key>
						<string>DO_NOT_LOCALIZE: Increase contrast</string>
						<key>key</key>
						<integer>47</integer>
						<key>modifier</key>
						<integer>1835008</integer>
						<key>sybmolichotkey</key>
						<integer>25</integer>
						<key>charKey</key>
						<integer>46</integer>
						<key>enabled</key>
						<false/>
					</dict>
					<dict>
						<key>name</key>
						<string>DO_NOT_LOCALIZE: Decrease contrast</string>
						<key>key</key>
						<integer>43</integer>
						<key>modifier</key>
						<integer>1835008</integer>
						<key>sybmolichotkey</key>
						<integer>26</integer>
						<key>charKey</key>
						<integer>44</integer>
						<key>enabled</key>
						<false/>
					</dict>
				</array>
			</dict>
			<dict>
				<key>name</key>
				<string>DO_NOT_LOCALIZE: Reverse black and white</string>
				<key>identifier</key>
				<string>universalaccess.invert</string>
				<key>key</key>
				<integer>28</integer>
				<key>modifier</key>
				<integer>1835008</integer>
				<key>sybmolichotkey</key>
				<integer>21</integer>
				<key>charKey</key>
				<integer>56</integer>
				<key>enabled</key>
				<false/>
			</dict>
			<dict>
				<key>name</key>
				<string>DO_NOT_LOCALIZE: Turn VoiceOver on or off</string>
				<key>identifier</key>
				<string>universalaccess.voiceover</string>
				<key>key</key>
				<integer>96</integer>
				<key>modifier</key>
				<integer>1048576</integer>
				<key>sybmolichotkey</key>
				<integer>59</integer>
				<key>enabled</key>
				<true/>
			</dict>
			<dict>
				<key>name</key>
				<string>DO_NOT_LOCALIZE: Show Accessibility controls</string>
				<key>identifier</key>
				<string>universalaccess.accessibilityControls</string>
				<key>key</key>
				<integer>96</integer>
				<key>modifier</key>
				<integer>1572864</integer>
				<key>sybmolichotkey</key>
				<integer>162</integer>
				<key>enabled</key>
				<true/>
			</dict>
		</array>
	</dict>
	<dict>
		<key>name</key>
		<string>DO_NOT_LOCALIZE: Application Shortcuts</string>
		<key>ax_description</key>
		<string>DO_NOT_LOCALIZE: Application shortcuts (AX_DESCRIPTION)</string>
		<key>identifier</key>
		<string>applications</string>
		<key>iconname</key>
		<string>category_appshortcuts</string>
		<key>canRestoreDefaults</key>
		<true/>
		<key>elements</key>
		<array>
			<dict>
				<key>name</key>
				<string>DO_NOT_LOCALIZE: All Applications</string>
				<key>identifier</key>
				<string>NSGlobalDomain</string>
				<key>showEnable</key>
				<false/>
				<key>elements</key>
				<array>
					<dict>
						<key>name</key>
						<string>DO_NOT_LOCALIZE: Show Help menu</string>
						<key>modifier</key>
						<integer>1179648</integer>
						<key>sybmolichotkey</key>
						<integer>98</integer>
						<key>charKey</key>
						<integer>47</integer>
						<key>key</key>
						<integer>44</integer>
					</dict>
				</array>
			</dict>
		</array>
	</dict>
</array>
</plist>
